User ID,Age
1515,
1677,
4342,
6047,
6154,
6395,
6836,
7614,
8086,
8166,
8182,
8187,
8256,
8554,
8794,25
8873,
8943,
9010,23
9185,
9264,
10000,
10221,
10805,25
11668,
13024,23
13524,
14006,
14186,
17429,
17650,
17661,
18399,
19126,
19265,
19557,
19717,
20346,
20502,25
20900,23
21105,
21304,
21475,
21498,
21597,
21600,22
21652,
22079,9
22090,24
22791,
23022,
23099,
23302,
23929,
24036,
24251,
25286,
26158,
28712,24
29391,22
29499,23
29731,25
29824,27
29878,23
30555,22
30668,29
33016,26
33383,22
33589,22
34022,21
34296,25
34908,27
35540,26
37195,26
37209,26
37517,22
37602,23
37748,25
37750,22
37751,22
37876,22
38060,25
38571,21
39466,26
39862,21
40133,23
40163,51
40479,24
40925,27
41111,25
42017,26
42225,23
42664,22
43078,23
43453,22
45013,22
45230,26
45604,26
45615,21
45706,22
46066,26
46253,23
46283,25
49858,29
50156,26
54082,53
56301,28
56524,21
57039,27
57340,24
57680,35
57914,25
58066,21
60661,24
60937,23
60956,36
61368,21
62254,24
63259,28
63717,32
63986,28
64774,22
65202,21
65610,24
66397,25
66750,22
66944,24
67058,26
67931,20
68087,24
68974,27
69358,21
69568,22
69936,34
70607,21
70808,21
70950,22
71028,54
71145,21
71195,30
71250,23
71572,21
71645,25
72492,27
72562,21
72794,21
72826,21
72914,30
73262,21
73327,21
73410,21
73482,22
73494,23
73677,24
73707,21
73731,21
73738,24
73865,24
74084,21
74246,20
74428,22
74488,25
75349,41
75351,52
75559,22
75576,22
75705,21
75770,21
75796,24
75823,21
75945,21
76931,21
77171,50
77262,22
77472,21
77539,21
78202,20
78548,21
78875,33
79024,29
79163,23
79254,22
79374,21
79539,24
79768,21
80475,21
80690,50
80961,21
81272,24
81399,26
81804,21
82360,25
82612,23
82688,25
83544,21
83752,22
83855,21
84548,21
84701,25
84919,28
85148,20
85594,21
86283,21
86488,32
86880,21
86968,22
87481,23
87635,21
87743,22
87869,25
88114,23
88154,22
89226,26
90226,20
90249,22
90539,24
90841,21
90880,21
91041,29
91339,20
92103,21
92398,19
93185,25
93253,23
93489,25
93498,25
93602,20
94131,21
94291,24
94413,21
94754,21
95062,21
96566,25
96880,24
96950,24
97143,29
97363,29
97571,25
97697,4
98060,25
98129,16
98706,21
99364,22
99370,21
99777,21
100176,22
100226,34
100231,25
100235,31
100271,23
100402,26
105219,20
108554,20
108697,27
109153,27
109215,21
111603,20
111685,21
111800,21
112047,20
112048,21
112349,27
113035,26
113136,25
114843,24
115031,27
115476,27
115580,19
115854,24
116413,31
116438,20
117025,24
117297,21
118170,27
119070,21
120259,25
121266,23
121333,21
123568,29
123580,31
125552,34
126546,21
127264,23
128165,28
131380,24
132338,22
132383,25
132410,18
133255,23
133269,23
134275,27
135040,43
137830,19
138211,22
140098,24
141215,22
142857,21
144433,23
146495,21
146728,25
146917,26
147188,24
148360,24
148371,25
150026,21
156678,26
157324,29
159093,19
159247,20
159696,19
159880,24
161194,24
161705,25
162817,26
163107,34
165207,31
166246,23
166429,20
166524,23
169131,29
169933,28
170912,24
172099,25
174673,24
175154,23
175917,27
177505,23
177653,23
178284,24
180267,23
181045,24
181219,23
181230,27
181296,24
181297,20
182479,20
182510,21
182577,21
182798,20
183749,20
183850,23
184090,20
184289,20
184528,21
184656,24
184695,20
184994,24
185013,23
185021,21
185041,20
185201,23
185272,20
185755,21
185763,25
186246,21
186570,23
186598,20
186730,20
186841,18
186964,22
187340,21
187740,23
187746,20
187918,20
188076,
188130,21
188142,20
188575,21
188782,21
188803,22
189318,20
189357,20
189493,20
190198,32
190257,20
190346,21
191131,21
191219,20
191242,20
191294,19
191523,22
192620,21
192650,24
192692,22
192775,24
192851,24
193009,21
193029,20
193452,20
194399,23
195176,20
195676,20
195794,21
196399,21
196437,20
196951,20
196979,20
197232,20
197243,24
197678,30
198163,21
198212,27
198922,19
199193,26
199609,27
199732,21
199848,20
200401,26
200450,26
204191,20
205209,20
205965,24
206101,24
206532,20
206887,21
207351,20
209067,25
209809,20
210452,20
210954,
211432,20
211436,28
211489,21
211590,20
212220,24
213547,27
214088,21
215808,25
216526,19
216650,21
217285,27
217586,50
217700,20
219061,17
219309,26
219574,21
219600,21
219952,20
219976,20
220499,21
220550,20
220766,25
221072,20
222620,21
222652,21
222792,21
225027,16
225080,28
225348,25
225660,24
225840,20
226189,22
226563,23
228417,34
231920,20
233145,21
233322,25
233697,22
236028,24
238212,20
238230,19
238659,24
238821,19
238944,24
239511,24
240242,22
241060,19
242041,22
242112,21
243311,23
244666,19
245617,21
245855,20
245870,19
246087,21
246344,18
246407,19
246686,24
246788,20
246835,24
247473,21
248681,24
249386,20
249785,23
249874,21
251119,20
251224,20
251350,21
251990,27
252453,26
253520,20
253768,31
254094,25
254854,19
255201,23
255291,19
255295,19
255327,19
255340,19
255432,19
255453,23
255523,20
255624,20
255702,24
255822,28
257093,19
257752,48
257841,19
257853,19
259071,32
259733,19
260889,20
261629,21
262561,21
263282,20
263551,19
263959,19
264288,21
265516,44
267440,22
267887,20
268259,25
271246,21
271640,19
271703,20
273489,23
273951,20
274652,24
275017,18
275151,19
275998,18
276216,20
277210,18
277896,19
278218,29
278574,24
279302,27
280857,21
281253,20
282098,24
284542,48
284935,20
285323,18
285751,19
286007,21
287651,27
288564,22
289650,19
292154,22
293226,28
293483,19
294555,21
295453,23
296283,26
297618,21
297849,52
297851,53
302815,21
303941,23
305824,25
307276,26
307681,19
307683,19
308138,28
308741,25
308946,26
310671,19
310927,31
313997,20
314217,24
317298,28
318508,27
318509,28
318614,26
318738,19
322736,30
323281,23
325001,21
326057,25
326496,23
326646,24
327135,27
327399,19
327891,19
328323,23
328326,22
328432,19
328573,27
328617,20
328633,19
328662,34
328664,19
328714,19
328817,25
328832,19
328856,19
328864,19
328911,19
328921,19
329567,19
329697,19
329705,19
330007,19
330010,19
330070,19
330781,19
330791,19
330863,22
331387,20
331453,19
331508,19
331540,19
331694,26
332052,22
332220,19
332686,21
332825,19
332983,19
333402,19
333922,19
333927,19
334226,19
334254,34
334267,24
334983,20
334990,20
335242,33
335313,21
335314,24
335668,19
335736,20
335753,19
335911,20
336101,19
336463,19
338463,25
338604,22
339215,19
339507,19
339598,20
339712,22
339759,19
339762,19
339793,1
339807,20
340767,20
342061,20
342616,19
342908,19
342944,19
343130,19
343970,19
344541,19
344549,19
344914,24
345395,27
345455,19
345768,19
346115,23
346315,41
346338,20
347221,22
347762,20
349519,19
351059,27
351569,18
353454,20
354561,22
354569,21
355410,20
355484,19
355599,19
356418,15
356420,26
358219,23
358363,20
361070,25
362754,19
365002,20
365054,19
365958,18
366349,20
367170,18
367283,19
369236,21
370227,20
374382,24
375297,21
377431,20
377833,26
377997,19
380566,18
380634,21
380935,1
381486,19
384684,0
384773,19
385556,25
385558,37
386934,39
388991,21
389194,21
390071,19
392157,18
392346,19
392916,25
392951,18
393335,18
393452,15
394661,20
398593,19
399009,19
399590,21
402679,23
403441,19
403452,20
404815,43
406453,26
408353,19
409651,40
410338,19
410492,19
411621,20
412315,25
413064,24
413492,21
414440,24
418122,25
418605,18
419600,23
425664,29
425858,25
427446,27
427447,19
429016,19
429950,21
431477,19
433742,22
435047,19
435771,48
436831,23
436855,20
438814,20
440309,19
440399,22
440509,21
440543,21
442577,20
443120,18
443580,19
443979,18
444130,18
446045,19
447661,18
447916,24
447928,18
448001,18
449890,18
453302,25
453328,19
454202,22
455961,20
458979,26
460065,23
460808,20
463337,19
465146,18
465194,23
470230,20
471892,19
471894,23
477746,23
478112,20
480566,35
481778,31
482020,19
482388,18
485369,25
485421,14
485802,19
486653,25
487878,23
488872,22
490558,19
493053,18
493979,30
494177,28
495669,26
495674,31
499702,23
500536,37
500878,28
504618,18
505009,25
508228,19
509353,30
513005,25
513331,26
517850,17
517851,18
517876,18
518190,26
518756,49
520315,28
521452,18
521480,19
521610,26
525179,18
525976,28
529972,29
531314,27
531599,21
532899,24
533939,18
534163,32
534517,21
536839,26
537402,28
537746,29
538494,20
539425,23
541313,21
546152,26
546453,24
548227,31
548324,42
550589,23
551344,22
553226,40
556296,19
558161,24
562148,28
564587,37
564673,24
566095,21
568485,34
569571,22
570794,31
570820,33
573448,38
577468,19
577473,18
578320,18
579420,19
579460,21
579469,18
579483,18
579972,19
580212,20
581025,27
581472,18
581961,18
581980,19
582054,23
582067,19
582104,19
582624,18
582675,19
582694,18
582703,18
582790,18
582853,18
582975,29
583282,18
583928,31
584003,36
584116,18
584124,18
584169,21
584173,18
584430,18
584448,19
584451,18
584459,21
584460,18
584476,18
584479,18
584551,18
584613,19
584711,19
585383,18
585396,18
585681,19
585740,19
585858,18
585876,18
587900,24
588512,21
588669,18
590994,18
591245,18
591341,30
591373,18
591905,27
591916,31
592808,18
592815,18
592828,24
592919,46
593038,25
593287,38
593332,21
593576,38
593720,24
593755,27
593765,26
593782,26
593819,27
593852,27
593935,27
593976,30
594015,27
594019,27
594294,18
594834,21
594974,34
595010,28
595020,30
595054,36
595170,30
595199,30
595204,19
595220,26
595249,25
595295,22
595299,30
595332,32
595371,30
595412,29
595445,22
595571,21
595590,52
595900,22
595909,32
595913,18
596030,21
596031,24
596139,22
596437,21
596448,21
596461,19
596514,18
596524,52
596532,21
596634,18
596658,20
596666,26
596754,38
596768,34
596772,41
596822,29
596827,26
596839,26
596898,29
596924,44
596947,30
597085,33
597086,31
597101,23
597114,24
597133,28
597138,28
597207,24
597251,24
597258,30
597277,27
597289,28
597321,30
597351,25
597371,25
597463,38
597637,34
597690,50
597710,52
597716,21
597732,17
597779,25
597991,25
598133,25
598192,29
598292,29
598402,19
598410,28
598510,24
598719,24
598754,27
598775,29
598840,22
598928,29
598968,21
598988,41
599062,22
599378,18
599594,30
599613,35
599647,26
599649,35
599729,27
599801,19
599870,34
599898,40
415,
1635,
6662,
7176,
8038,
8874,
11601,23
20368,
20748,
20858,
21151,
22237,
23024,23
23413,
23999,
24815,
25598,
25605,
29660,24
30870,24
30926,24
31971,23
32213,23
32677,3
34621,27
35203,24
36179,22
36206,26
36361,23
36452,24
38413,24
38476,24
39340,27
39690,22
40829,24
41899,22
41917,25
44305,22
44989,21
44993,21
45068,21
45102,21
45145,25
45191,25
45463,21
45567,23
46337,21
46665,24
46666,21
47022,22
48207,25
48360,24
50862,21
50954,20
51289,28
53424,
54886,25
54906,21
55287,22
56091,21
56446,21
57893,21
58170,21
59414,27
60216,23
60856,21
61331,22
61358,21
61812,23
63098,26
65201,21
65329,21
65477,24
65620,21
65867,24
65941,21
66484,26
66811,20
66945,22
67274,21
67285,21
67811,26
68617,20
68910,24
68914,28
69390,21
69596,21
69671,21
69713,25
69809,24
70406,21
70553,21
71220,21
71240,21
71276,24
71277,21
71278,21
71329,21
71377,22
71592,21
71622,27
71632,21
71660,21
71688,25
71716,21
71746,21
72000,21
72324,21
72427,21
72557,25
72595,22
72734,21
72805,21
72859,21
72872,21
72878,21
72886,21
73170,21
73206,21
73212,21
73261,21
73305,21
73391,21
73413,21
73451,3
73476,22
73481,21
73531,21
73681,22
73688,21
73703,21
73706,31
73735,21
73910,22
73994,21
74427,25
74491,21
74534,21
74590,28
74677,21
74685,22
74982,22
75398,21
75560,21
75631,22
75819,21
75830,21
75904,22
75906,21
75916,21
76176,24
76212,21
76669,21
76692,21
76793,21
76807,21
77734,21
78167,24
78223,21
78445,20
78761,21
78914,21
79355,30
79459,23
80485,24
80810,22
80918,21
81374,21
81556,21
81859,21
82120,21
83366,21
83630,21
84270,21
84541,24
84938,20
85352,22
85614,21
86827,25
87205,21
87763,21
88229,26
88392,24
88409,25
88853,21
89088,21
89928,21
90926,20
91363,27
91437,20
92138,27
93079,21
94029,21
94065,22
94091,21
94145,23
94150,21
94258,24
94288,21
94640,21
94895,21
95698,21
96804,20
97304,25
98528,21
98768,21
99076,24
99365,22
100103,26
100378,21
102404,24
103516,21
103832,21
103838,21
105337,26
105585,21
107238,21
107936,21
108586,20
108598,21
109138,22
110531,27
110580,21
110943,20
111122,26
111131,20
111140,21
111583,21
111608,21
111614,24
111658,21
111686,21
111694,21
111755,20
111784,20
111788,20
111844,24
112035,20
113457,24
114361,22
114674,25
114827,21
114921,23
115067,21
116172,23
116372,21
117063,20
117595,20
117620,24
117784,21
118109,24
118387,21
118394,20
118702,25
118895,23
119119,21
120663,20
120699,20
120705,21
122583,25
122736,22
126465,22
128059,22
128739,21
130135,21
130706,21
131329,19
131630,21
131638,21
132535,21
132923,20
134958,19
135021,21
135023,21
138171,24
138182,21
138315,21
138851,20
141093,19
143932,21
144621,27
144721,23
145410,31
146404,24
146465,25
147690,23
148353,24
148362,24
149117,21
151248,21
151283,20
152613,21
153070,21
153920,20
154112,27
155661,21
157285,23
157464,24
158565,24
159688,25
160349,30
161266,19
161375,20
161402,20
161551,28
162354,21
163342,20
163343,21
163557,25
165609,23
166134,33
166167,30
166240,27
166353,25
166461,24
167972,24
168131,25
168525,21
168543,27
168928,24
169135,24
169138,23
169144,24
169253,29
169388,20
170520,54
172241,20
172290,21
173323,24
173982,21
174139,20
174213,21
175186,20
177766,21
178319,23
178815,23
178847,21
179422,24
181202,21
181305,21
182001,20
182164,21
182281,21
182529,25
182785,20
182791,20
182844,25
182915,20
183087,20
183139,20
183799,20
183816,21
183858,20
183885,20
183933,20
184199,20
184527,20
184574,23
184832,20
184922,21
184932,21
184981,21
185253,21
185263,22
185318,20
185717,20
185818,20
185821,20
185954,21
186018,20
186058,20
186962,20
187496,25
187569,21
187806,20
187823,21
188303,24
188650,21
189348,20
189352,20
189358,20
189462,20
189583,24
192797,30
192829,21
192978,20
192990,2
193087,28
193104,20
193438,21
193554,20
193917,20
194418,20
194464,21
194848,28
195553,23
195799,20
196154,23
196911,39
197487,20
197566,19
197610,23
197611,22
197724,23
198018,19
198752,22
199491,20
200287,20
200291,20
200682,20
200982,20
201622,24
201677,18
201986,20
203370,20
203466,23
203735,20
203759,21
204231,25
209079,20
209319,22
209595,23
210722,21
211618,20
211741,19
212998,18
213152,19
214154,23
214839,23
214852,21
216780,23
217349,20
217677,22
217783,21
217785,20
219003,24
219505,20
219514,20
219559,21
219915,21
220348,25
220876,18
220906,21
221876,27
222027,20
222158,23
223306,19
223453,20
223658,24
224197,23
224866,22
224872,22
226263,19
227276,22
227573,25
227575,20
227919,21
229739,13
230015,22
230168,19
230182,25
230186,28
231129,24
231860,26
232464,21
234281,20
234449,20
235259,22
235422,20
236160,24
237631,24
238516,21
238667,19
238691,19
239300,19
239664,25
240835,24
240969,31
241727,20
244321,23
245224,18
245743,20
245868,19
246601,21
247112,23
248201,22
249646,19
250021,20
251138,27
251145,26
252286,20
252542,20
254519,26
254800,19
254962,21
255024,19
255136,19
255367,20
255428,24
255430,19
255485,19
255577,19
255707,20
255971,22
256042,20
256070,22
256326,1
256561,19
257063,20
257347,23
257840,19
257970,19
257971,20
257980,19
258055,70
258096,19
258103,
258212,19
258480,21
258482,23
260867,20
260914,22
261172,26
261571,19
261844,24
263215,19
263917,20
265239,20
267525,19
267725,19
268061,20
268818,21
269825,24
269947,20
271043,20
274275,24
274343,23
276322,19
276653,22
279765,19
280309,19
281320,23
283060,19
283922,23
284689,19
284690,19
286751,25
287029,23
289881,23
293667,24
294339,23
294644,20
295525,31
296178,27
297578,24
297691,18
299148,24
299173,25
299757,21
300014,25
301069,29
302724,23
303502,26
304501,33
304623,27
306970,21
308203,19
309328,19
310027,19
312890,20
313991,22
314223,25
314231,18
316501,18
316823,24
319028,28
319111,20
319557,19
320500,19
320541,
321701,23
321932,18
321963,19
323124,18
323354,20
323683,20
323728,19
323737,19
323745,19
323767,19
323768,22
324905,20
325837,19
326271,23
327591,20
328304,19
328830,19
328861,22
328886,19
329278,20
329636,24
329824,18
330030,19
330031,33
330036,19
330551,20
330881,19
331074,24
331257,1
331353,25
331461,19
331469,25
331525,19
332527,20
332584,19
333361,23
333375,20
333815,19
333834,19
333914,22
334215,19
334356,19
334415,20
335712,19
336089,19
336099,25
336304,19
336514,19
336947,19
338420,19
338698,19
339707,19
340167,19
342871,19
342949,19
342957,25
343300,25
343855,18
344381,20
344786,20
348050,40
348879,19
349283,20
349646,19
353041,23
354641,29
355680,22
356545,23
356681,24
356937,19
357073,19
358222,20
359000,19
359850,19
364585,23
364589,23
365001,22
366026,19
366997,20
367005,20
367205,21
367301,21
368092,19
368596,19
369044,18
369791,23
372750,20
373564,19
374578,35
376424,20
377165,40
378687,19
380813,20
381205,20
384667,25
384709,38
385186,21
385192,20
385367,20
400587,19
402050,24
402981,23
402983,23
404783,22
410566,19
411488,23
411831,38
413539,24
414920,20
417404,18
423365,21
423540,21
424089,
424765,22
426173,33
427590,19
427756,20
428069,19
428559,19
428587,19
428590,19
428645,19
428787,20
428908,24
429078,20
429874,19
430093,19
430999,30
431478,19
431484,20
435480,24
441395,18
443562,19
443953,18
443995,18
444016,18
444319,18
444671,22
445609,19
445931,23
446351,19
446461,18
447641,21
447792,18
447795,18
448565,19
449470,19
450290,18
450925,22
451123,23
453318,20
453321,19
453335,19
453338,19
453384,24
453588,22
456614,20
456626,33
458304,19
459207,19
459950,21
460323,18
460895,21
461280,21
463162,26
463589,29
468689,24
469601,32
473023,19
475335,27
483936,20
484643,21
484887,25
487481,24
496947,24
498562,24
503138,18
504013,21
504273,30
505556,22
510731,39
513655,18
514164,18
518106,17
518341,18
519392,18
523929,
526767,25
527007,29
529626,38
531995,29
532003,29
533658,18
536376,22
537939,25
546809,23
547017,23
548189,26
551100,28
551234,25
551237,23
551545,22
551547,22
552093,18
556528,18
558440,18
561996,22
562052,22
562669,
562780,
564124,24
564563,25
566021,29
566473,25
566660,31
566713,18
568648,27
568751,31
570786,35
571262,18
572239,28
576272,26
578669,32
579480,18
579482,21
579506,22
580073,23
581928,18
582763,29
582951,18
583185,18
583801,18
583874,18
584015,18
584040,18
584192,18
584260,23
584320,25
584355,19
584449,18
584454,18
584471,18
584501,18
584621,31
584632,30
584948,22
584952,22
584960,22
584961,22
585026,25
585040,18
585344,19
585352,18
585437,22
585491,18
585515,18
585650,31
585776,23
585999,26
586083,22
586084,22
586119,32
586532,33
586543,32
586550,43
586552,40
586554,48
586673,23
586680,25
586683,23
586684,24
586703,23
586716,22
586718,22
586936,23
587636,24
587674,24
587713,24
587755,24
587935,22
588207,26
588377,21
588406,38
588510,25
588530,27
588945,22
589548,19
589997,6
590515,29
590595,29
590931,29
591011,24
591099,22
591140,36
591147,28
591148,28
591150,39
591151,27
591153,36
591162,29
591163,35
591193,28
591336,21
591353,19
591397,24
591401,24
591402,24
591404,27
591414,27
591625,23
591753,34
591832,27
591871,48
591888,24
591890,27
591960,24
592038,21
592040,24
592117,20
592168,23
592295,25
592305,27
592307,25
592308,25
592367,24
592374,23
592391,25
592413,27
592426,19
592427,19
592430,19
592433,19
592448,21
592452,21
592453,20
592454,20
592457,20
592458,18
592459,20
592480,20
592482,18
592488,20
592491,22
592509,21
592527,29
592530,29
592539,24
592540,26
592541,0
592542,26
592546,22
592550,22
592568,18
592572,22
592576,20
592578,25
592582,19
592583,22
592587,22
592595,24
592597,18
592605,21
592607,20
592608,19
592610,18
592611,21
592612,19
592613,19
592615,20
592617,21
592618,20
592619,19
592620,20
592621,18
592623,19
592624,21
592625,18
592628,18
592631,18
592633,18
592634,18
592636,18
592640,19
592646,18
592648,18
592649,21
592650,23
592651,21
592652,19
592653,21
592654,20
592658,21
592673,21
592690,22
592700,21
592809,18
592889,21
592905,23
592915,29
592942,31
593312,24
593938,34
594055,27
594144,31
594146,31
594271,18
594405,18
594552,28
594596,44
594707,24
594983,24
594997,32
594998,29
595092,26
595113,39
595221,39
595223,34
595256,21
595264,30
595334,42
9486,
21133,
24283,
24289,
24427,
26570,
28055,
29913,22
29916,22
31941,21
37250,22
38387,22
38389,22
38390,21
39320,26
39346,20
39357,26
39459,22
39926,35
40118,24
40124,27
40929,26
41920,24
42630,25
45008,21
45395,21
45406,3
46280,22
47543,25
53576,26
55872,21
57219,22
57698,21
58398,21
59098,21
60209,18
60800,22
60801,21
61160,21
61328,21
62533,25
63763,22
64437,22
65176,21
67023,22
67115,22
67278,21
67289,25
69193,21
69561,21
69664,21
70555,21
70556,21
71079,21
71128,22
71162,21
71198,22
71213,21
71272,21
71273,22
71280,21
71400,3
71486,22
71623,21
71673,21
71685,22
71692,22
71710,3
71719,21
71991,21
72302,21
72486,21
72523,21
72579,25
72610,21
72630,21
72639,21
72665,21
72702,21
72733,22
72811,22
72849,21
72920,22
73096,21
73104,21
73250,22
73292,26
73298,21
73411,21
73412,21
73414,21
73415,21
73418,21
73420,21
73458,21
73684,20
73845,21
73861,21
73862,22
73947,21
73990,21
73995,24
74054,21
74080,21
74090,21
74637,19
74638,25
75577,21
75798,25
75799,24
75804,24
75805,21
75905,21
75915,21
76277,21
76428,21
76452,21
76943,21
77091,21
78040,22
78451,20
78480,20
78908,21
78935,21
78982,21
78988,21
81447,24
81812,21
82782,18
82837,25
82842,26
83105,21
83115,20
84067,21
84543,21
84695,21
85169,22
86516,21
86522,21
86746,25
86888,24
87771,25
87956,24
87958,23
89577,21
89747,24
90458,18
90871,22
91165,22
91304,25
91480,21
91786,22
92908,21
94062,21
94063,22
97956,25
98592,21
98670,21
98823,20
98927,24
100813,23
103805,20
104650,20
105108,21
105335,21
105475,21
107461,23
107554,21
107797,25
108573,25
108602,20
108721,19
110945,21
111106,21
111113,25
111144,25
111625,20
111630,20
111638,22
111641,20
111644,20
111673,20
111730,20
111759,20
111768,20
111785,20
111794,20
111963,20
112721,25
113451,25
114925,24
115279,21
115849,20
115862,24
115907,21
115990,22
117271,23
117667,20
117800,24
118386,21
119768,20
120439,21
120707,22
120742,20
121094,24
121454,21
121464,18
121673,20
122561,20
123713,20
124521,22
126245,20
126984,21
127474,20
127475,20
128166,20
129730,21
131211,24
131529,26
131690,21
134717,24
137035,20
137548,20
139145,20
139583,20
140523,23
140526,20
141302,21
142511,20
144640,20
148260,21
149044,24
149711,21
151977,20
152079,23
152880,23
153895,24
154232,20
157265,20
158153,24
159942,19
160684,23
161009,23
161094,19
161195,25
161241,19
161315,18
161859,25
161910,47
163485,21
164323,20
164629,20
165500,21
165524,20
166017,20
166117,18
166327,25
166375,18
166407,25
166422,19
166431,20
167238,20
167472,20
168405,20
168445,25
169384,20
169391,20
169435,25
169449,21
170073,20
170076,20
170299,25
171392,21
172133,19
173030,20
173807,22
174191,20
175500,20
176429,19
176481,33
176942,20
178061,18
178237,25
178445,20
178452,23
178889,21
178898,20
179329,22
179868,20
180122,18
180274,21
180328,20
180770,21
181207,20
181674,23
181759,23
181845,24
182842,20
182843,19
183070,24
183229,20
183424,20
183707,20
183796,20
183811,25
183818,20
183870,20
184015,21
184229,20
184262,19
184274,20
184777,20
184807,21
184830,20
184868,20
184878,21
185017,20
185055,20
185230,24
185259,20
185262,20
185275,20
185281,20
185357,20
185909,20
185938,20
185939,29
185948,20
185988,19
186308,20
186318,18
186397,20
186439,21
186561,20
186568,20
186706,20
186707,20
187684,20
187866,21
188768,21
188771,20
188775,20
189360,20
189372,20
189391,21
189396,20
189537,20
189572,20
190694,21
190798,20
190967,21
191287,22
191661,22
192522,20
192591,20
193503,20
193803,25
193957,51
194042,20
194207,20
195414,21
195791,20
196011,20
196033,20
196840,19
196889,24
197032,20
197035,24
198301,24
198457,21
200010,20
200027,20
200943,24
203407,22
203677,20
203810,20
205098,20
205701,19
205943,18
206640,20
206650,25
206660,20
207796,26
208018,18
209259,20
209919,21
210222,20
210238,21
211156,18
212426,18
212627,19
213134,19
213247,18
213288,31
213760,20
213781,20
217651,20
218254,20
219637,20
220681,20
221217,20
223168,22
223543,18
223638,23
223714,20
223721,20
224407,18
225038,25
225180,20
225190,25
225199,27
226869,22
227561,20
228299,18
229829,20
229833,30
230020,21
230230,20
230574,19
230898,19
231461,20
231499,24
231887,19
232123,20
232295,26
232425,20
232816,23
233166,21
233430,21
233633,21
234337,19
235058,20
235218,21
235524,24
235728,20
236762,18
237958,25
237996,21
238161,19
238467,18
238556,18
239281,19
239313,21
239440,23
239618,19
239648,24
239721,20
239740,18
240226,21
241104,23
241889,19
242249,20
242422,19
242528,25
242532,18
242602,20
243590,19
243919,25
244222,25
244802,23
245731,20
246117,19
246287,20
246374,20
246400,19
246560,18
246694,20
248355,20
248857,24
249820,20
250509,18
250831,20
250868,20
250875,20
251330,23
251617,19
251783,36
253147,20
253250,19
253909,21
254000,22
254778,19
254807,19
255026,20
255041,19
255138,21
255158,19
255245,19
255369,19
255398,20
255465,32
255468,25
255478,20
255535,24
255604,21
256359,19
256375,20
256420,19
256448,20
256972,18
257199,25
257830,19
257968,20
257976,20
257982,19
258051,29
258060,19
258061,24
258180,19
258193,20
258424,19
258533,20
258559,19
258602,24
258707,19
258723,23
258742,19
258762,19
258963,19
259459,20
259685,19
260527,19
260581,19
261144,25
261149,19
261360,21
262281,18
263693,19
265232,19
268288,19
268641,19
268885,19
268918,19
269944,19
271131,21
275203,24
275204,25
275226,24
275227,26
278299,19
278390,35
278394,36
278416,25
278536,24
278582,24
278815,21
278831,21
280795,19
280933,22
281004,19
282007,23
282578,23
283389,19
284050,21
284724,19
285198,19
285479,20
286130,25
287089,19
288969,21
288983,18
289038,19
289256,19
289797,22
291598,19
291712,19
292141,1
292416,19
292993,22
293347,19
294652,24
295174,18
295290,18
295541,19
297907,25
300274,19
300275,19
300335,19
301469,20
301807,54
302198,20
308201,24
308579,20
310016,20
310025,19
310388,20
310815,20
310854,19
311756,20
311896,22
316686,19
316712,24
319597,19
320861,24
321004,25
321521,1
322156,21
322522,20
323725,19
328113,18
328163,19
328307,22
328329,19
328330,19
328332,19
328334,20
328335,19
328343,25
328402,20
328434,19
328663,23
328682,20
328835,19
328854,19
328869,19
328880,20
328904,19
329609,19
329858,19
329861,19
329863,19
330038,19
330051,22
330555,19
330926,20
330957,19
331066,19
331075,24
331080,23
331094,23
331198,19
331201,19
331289,19
331323,19
331338,19
331470,19
331910,19
332170,19
332352,19
332478,19
332485,20
333014,22
333284,19
333297,19
333298,19
333362,19
333453,19
334168,21
334421,19
335143,20
336088,19
336188,19
336470,19
336474,19
337371,20
337813,19
338603,23
338606,19
339114,23
339412,18
339438,18
342626,19
342730,25
342969,19
343031,23
343071,19
343361,19
343837,19
343962,25
344051,21
344825,19
344897,23
345398,27
345506,22
346908,22
347065,19
349661,24
350015,19
350412,20
350728,18
350921,19
351052,19
355432,19
356020,19
359556,18
364377,26
366227,18
367104,19
367744,18
368325,19
368602,19
370551,19
371804,18
374267,20
374343,18
374605,18
375718,19
375747,20
377009,20
378253,22
380766,21
381133,20
383873,18
384522,19
386532,18
389431,19
389634,19
393545,23
393623,24
396268,22
399746,19
400561,22
404341,19
407115,19
409422,22
410348,19
413015,19
413209,20
413709,22
417758,19
418731,19
419669,20
421382,18
421449,18
423576,19
424798,18
426263,24
426637,19
427979,19
428032,19
430206,18
431103,18
432105,18
434702,18
435178,25
435588,23
435631,18
435654,18
435775,19
436298,22
437782,18
440262,19
441610,19
442630,24
442693,18
442868,18
443182,18
443232,
443249,19
443369,0
443469,19
443833,18
443834,19
443938,22
443976,19
443983,18
443994,18
444002,18
444006,19
444037,18
444039,18
444040,25
444043,18
444074,0
444149,19
444209,18
444263,18
444410,19
445106,18
445743,18
445936,18
446046,18
446678,18
446685,18
446686,18
447692,25
447769,31
447968,26
448016,28
448017,25
448018,18
448271,19
448448,19
448548,18
448575,18
448690,20
448869,19
449146,18
449216,18
449820,18
449933,18
450799,19
450887,19
453214,18
453220,18
453331,18
453339,19
453353,18
453590,22
453726,18
454243,25
454904,18
455428,18
456080,18
459916,19
461188,18
462240,19
464077,19
467850,18
468680,18
470959,18
471557,18
472638,19
473782,22
473900,18
474161,18
475255,22
475511,19
475844,21
475955,18
479873,19
480945,19
483712,18
489166,19
491093,22
491637,18
491641,18
491687,19
491781,18
491798,18
492174,18
494266,19
496100,19
499574,18
504840,18
507077,18
507506,27
508429,22
510468,18
510469,18
518055,20
521041,21
521357,18
523155,18
524018,
524590,20
525801,23
526040,19
526150,18
527280,18
528252,18
529492,19
531254,18
532997,18
533022,18
533937,17
534350,19
539403,18
540767,18
540808,17
541150,19
541170,19
541864,18
545217,19
546167,25
546497,25
547086,18
548315,24
549786,18
549927,21
550575,0
551666,18
556336,18
557925,18
561262,18
564255,18
571294,19
571777,18
575192,19
576997,18
577006,18
577191,18
577372,22
577400,23
577472,18
579397,19
579477,18
579478,19
579490,18
579519,18
581188,18
581197,18
581265,18
581270,18
581294,18
581355,18
581382,18
581397,23
581401,18
581412,18
581437,18
581439,18
582004,18
582069,18
582112,22
582361,21
582750,22
582781,18
582784,18
582795,17
583009,17
583211,24
583215,19
583218,18
583220,18
583228,19
583264,18
583274,18
583286,24
583589,19
583606,20
583643,18
583655,18
583816,18
584018,18
584020,18
584022,18
584028,18
584032,18
584036,18
584440,21
584447,18
584490,18
584606,18
584610,22
584851,19
585103,19
585170,18
585199,18
585207,25
585240,18
585243,18
585276,19
585280,18
585364,18
585369,18
585387,21
585507,18
585613,19
586210,18
587269,18
587380,18
587556,20
588557,18
588632,18
588663,18
589793,22
592810,18
592812,18
592813,18
592814,18
592833,24
592853,19
593223,24
593227,25
593315,25
593499,20
593507,18
593737,24
593956,31
593959,29
593960,28
593961,28
593969,32
593972,31
593977,31
594002,18
594153,22
594162,30
594167,31
594190,30
594195,32
594276,21
594292,19
594296,18
594389,25
594399,19
594407,18
594427,18
594428,18
594448,22
594455,18
594457,21
594555,19
594556,18
594559,23
594568,19
594577,18
594581,18
594588,18
8047,
12990,
20834,
21316,
22633,
25679,
26869,
27072,
27447,
27470,
32051,22
32409,22
32440,22
32815,22
32816,22
36477,25
38522,25
41556,24
41634,21
41946,21
42419,21
44820,22
45027,21
45114,25
45141,41
45394,25
45713,26
45751,22
46342,21
46345,21
46426,21
46706,21
46991,25
47301,22
47401,25
47455,24
53372,21
53413,21
54070,20
55434,25
56138,24
56399,21
57474,22
58039,21
58202,21
58771,21
59060,21
59126,21
60409,24
60559,25
61159,21
61337,21
61367,21
61369,21
61370,25
61815,21
63298,22
63478,21
63661,21
63662,21
63665,21
63848,23
64092,22
64862,23
65198,21
65204,25
65205,23
65210,21
65814,26
66678,24
67002,21
68861,21
69062,24
69318,22
69571,21
69683,20
70145,21
70693,21
70750,21
71081,24
71082,21
71097,21
71134,21
71142,22
71147,21
71194,21
71244,21
71282,21
71326,21
71331,21
71389,25
71452,25
71603,21
71614,21
71634,30
71646,21
71653,21
71686,21
71687,22
71689,22
71705,21
71715,21
71735,21
72124,21
72330,21
72450,21
72680,22
72754,21
72772,21
72823,21
72978,21
73255,21
73263,21
73288,21
73302,21
73303,21
73307,21
73433,21
73434,21
73477,21
73671,21
73672,21
73674,21
73689,22
73719,3
73730,21
73848,21
73892,21
74023,26
74043,21
74075,22
74131,25
75571,21
75659,21
75664,21
75854,21
75965,21
76248,20
76679,21
76990,23
77093,21
77547,21
77594,21
78078,21
78203,25
78219,20
78979,22
79215,21
79219,21
79265,21
80705,21
80829,21
81534,24
81538,21
81543,20
81603,22
81682,25
81919,26
82735,26
82836,27
82841,6
83395,21
83475,22
83751,19
83890,24
83893,21
84549,21
85744,21
85791,21
86523,21
86698,21
87458,24
88542,21
88619,23
89113,21
89278,21
89306,21
89642,21
89914,21
90417,19
90778,22
91326,20
91391,21
91424,25
91588,21
92644,22
93191,21
93688,21
94548,20
97826,25
98709,79
98733,21
98824,20
99277,21
99798,21
99860,21
104979,26
106514,21
107588,21
107820,25
108004,21
108250,27
109576,21
110029,22
111116,20
111125,20
111610,21
111619,20
111663,20
111672,20
111698,20
111765,20
111777,20
111781,20
111782,20
111817,24
111874,20
112842,20
114692,21
115843,21
117055,23
117269,20
117422,21
117423,21
117508,25
117597,20
117641,25
117737,20
117802,23
117937,20
118024,20
118392,20
118433,21
120648,20
120747,20
120749,20
121453,20
123245,20
126537,20
127812,2
131563,20
131699,21
132965,21
134101,21
134980,20
137401,21
140119,20
140221,20
140305,20
141282,21
141421,21
141576,21
142397,21
143303,20
144764,21
146410,25
149047,24
149048,24
151121,20
151177,21
151231,20
151818,21
151826,20
153862,21
154583,21
154594,20
154973,19
156255,20
156277,20
156407,23
156443,24
157692,21
160735,23
160793,21
161632,28
161858,20
162241,20
162641,24
163707,20
164376,20
164706,26
164857,29
165325,20
167035,22
168427,21
169486,20
169567,26
170419,20
171338,20
172254,20
172893,21
174923,20
175168,20
176555,25
176563,20
177469,19
178320,19
179328,21
179349,21
179809,23
179879,20
179896,19
179897,20
179899,20
179900,20
179996,25
180017,20
181119,20
181891,19
181897,19
182551,20
182560,20
182565,20
182784,20
182792,20
182795,20
182912,20
182913,20
182936,19
183031,21
183061,20
183091,21
183092,20
183198,20
183527,20
183701,20
183721,20
183722,20
183748,20
183856,20
183884,21
184037,20
184053,20
184111,20
184200,20
184202,20
184207,20
184226,20
184244,20
184654,20
184770,20
184798,21
184860,24
184871,19
184902,20
185676,21
185959,21
185973,20
186038,20
186547,2
186996,20
187310,20
187347,23
187450,20
187563,21
188501,20
188505,20
188506,20
188509,20
188515,19
188543,20
188550,20
188555,25
188556,20
188557,20
188769,20
188774,20
189212,22
189376,22
189502,23
189590,20
189603,22
189612,23
189682,21
190834,20
190835,20
191278,20
191833,19
192560,20
192564,20
192585,20
192621,21
192649,21
193088,20
193263,20
193265,20
193278,20
193286,20
193289,20
193469,21
193797,20
193804,20
194338,24
194380,24
194417,20
195287,21
195329,20
195375,24
195487,20
195531,21
195592,20
195652,21
195793,21
196426,20
197225,23
197317,20
197587,20
197855,25
197914,20
198178,30
198206,20
198794,23
199349,20
199546,22
199547,22
199731,20
199781,21
199909,21
200241,20
200290,20
200399,28
200709,21
201005,20
203747,20
205403,20
206057,20
206661,25
206967,20
208089,19
208777,20
208965,20
209095,20
209218,20
209343,20
211339,24
212270,20
212852,20
212879,20
214459,19
214718,20
215541,20
217228,21
219386,20
220003,21
221464,24
221499,22
221972,21
222161,21
222727,20
223138,25
223846,20
225040,23
225553,2
225908,21
226044,20
227536,20
227642,20
228945,19
228995,21
230059,33
230219,19
230575,22
232540,27
233212,20
233546,22
235125,20
235149,20
236557,26
237087,20
237867,23
240935,19
242546,20
242897,20
244411,20
245594,21
245783,20
245966,20
245986,19
246041,24
246216,20
247136,23
247941,20
248415,20
248579,18
250342,20
250493,20
251735,19
252819,21
252849,22
254741,20
254777,19
254958,20
255135,19
255214,20
255232,21
255246,20
255248,20
255269,19
255375,19
255393,19
255427,19
255458,19
255477,19
255602,19
255688,20
255742,23
256362,19
256422,19
256449,19
257029,19
257174,19
257204,19
257843,19
257846,19
258053,19
258054,19
258056,19
258058,29
258059,24
258085,20
258090,27
258092,19
258093,106
258094,19
258095,19
258097,19
258098,18
258106,19
258192,19
258194,23
258195,19
258213,18
258249,20
258264,19
258321,19
258374,19
258387,19
258562,25
258564,19
258673,23
259395,19
259694,19
260635,19
260675,20
261058,19
261197,19
261282,19
261408,19
261569,20
261960,19
262552,23
262749,20
262843,20
264497,22
264691,19
265359,18
267334,25
268225,20
268240,19
268286,19
269750,20
269820,21
269821,21
269838,20
270043,21
271563,20
273822,20
274004,20
274298,19
275154,18
276332,20
276335,20
276823,20
276824,20
278005,20
278020,20
279073,47
279405,20
280827,22
282309,20
283067,25
284011,20
285264,20
285949,20
286870,22
286994,21
287213,20
287214,19
287745,18
289982,22
292411,19
294086,21
295118,23
295696,25
296698,23
297667,19
300000,19
301263,19
301481,19
301548,19
301938,19
302984,25
304631,19
305560,19
306785,19
307211,21
308172,25
309447,20
309546,23
310429,21
310447,19
310730,18
312492,19
314395,26
318451,26
319218,20
319432,19
319825,19
321128,24
321177,21
321330,20
321666,19
322506,18
323294,19
323710,19
323760,20
323766,19
323834,19
323952,19
324331,22
324554,19
325783,19
325790,19
326463,23
327893,19
327989,22
328619,19
328805,19
328810,19
328819,23
328837,19
328838,19
328855,18
328858,20
328865,19
328878,20
328879,19
328885,19
328893,19
328896,19
328897,19
328907,19
328908,19
328909,19
329670,19
329671,1
329672,20
329857,22
329859,19
329862,19
329885,19
329892,19
330017,19
330037,19
330039,19
330040,19
330050,19
330557,20
330559,19
330608,22
330667,19
330746,23
330747,22
330769,19
330885,19
330891,19
330895,19
331030,24
331035,19
331037,19
331113,19
331152,27
331173,19
331210,19
331213,20
331416,26
331426,19
331431,19
331435,20
331452,23
331457,19
331463,20
331465,18
331535,19
331536,20
331579,20
331596,23
332064,19
332448,20
332475,24
332736,22
332927,19
332935,19
333098,19
333285,20
333287,19
333405,20
333747,21
334447,19
335333,19
335655,18
335694,26
335910,19
335916,19
336103,19
336467,22
336494,19
336548,19
336813,19
336831,19
337394,23
338223,19
339018,19
339627,19
339743,19
339747,18
339982,19
341808,19
342935,19
342984,19
342991,2
343092,19
343218,20
343311,23
344478,19
344868,19
344972,22
345686,19
345753,22
345782,19
345797,19
346655,19
348818,19
348900,19
349187,23
349214,20
349254,19
349277,21
349416,24
349459,20
349520,19
349616,19
350831,22
350874,20
350881,20
350932,20
350939,19
350949,21
352110,19
354703,23
355163,19
355217,19
355545,19
355655,19
355657,20
355924,25
356329,19
356330,19
356626,21
357385,20
358180,19
358743,19
359389,19
364847,25
365162,19
365702,19
370387,21
370408,19
372969,22
373766,18
375125,20
375850,19
375888,1
376721,19
376869,18
377089,19
380214,19
381204,19
383066,43
385711,19
387016,19
388344,19
389296,19
389848,19
393934,21
394346,26
394352,36
394511,21
395886,20
399543,0
399568,21
399580,21
399642,19
401694,19
407262,19
408115,19
408728,19
409717,20
410973,19
411903,22
417309,24
417577,22
419534,19
426610,20
427470,19
429023,22
430038,19
430068,19
431544,28
432918,19
433689,19
435257,21
435857,18
435863,22
436039,19
438760,20
439601,22
440974,23
443248,19
443506,19
443560,19
443587,19
443592,19
443600,19
443646,20
443761,19
444022,
444038,18
444117,18
444291,20
446499,20
446884,17
447715,18
447793,18
448276,18
448643,19
448796,18
448882,18
448886,18
449143,18
449185,18
449667,18
449915,21
450630,22
450632,19
453350,18
453589,19
453599,19
455702,19
456220,19
458424,19
459763,21
461274,19
470058,24
472508,20
475304,19
475491,20
478022,19
480125,19
481727,23
495413,19
522016,18
522017,18
522156,18
523645,22
524627,20
525796,25
529491,18
539432,19
541718,18
548282,18
551674,22
564182,22
571063,22
575003,18
579259,17
581223,18
581251,18
581307,18
581445,18
581449,34
581610,21
581931,25
582107,18
582258,23
582280,18
582311,18
582610,19
583225,22
583449,18
583980,18
584006,18
584021,18
584033,21
584047,21
584261,18
584409,20
585197,20
585494,22
585615,19
585619,18
585642,19
585647,21
585831,18
585879,18
586882,22
586923,9
587361,18
588038,32
588072,18
588075,19
588151,0
588271,18
589545,18
590320,18
590859,18
590916,18
593143,20
593448,29
593754,20
594291,18
594416,19
594506,20
594507,19
594652,18
594657,18
594727,19
594749,28
594750,29
594795,19
594798,18
594800,21
594801,23
594822,21
594839,20
594841,26
594842,21
594844,32
594847,22
594850,24
594851,24
594858,23
594910,27
594911,30
594914,27
594935,0
595004,27
595036,28
595040,27
595085,32
595086,33
595087,32
595090,32
595091,31
595093,32
595098,19
595106,19
595109,20
595115,24
595116,33
595117,38
595118,50
595119,40
595120,30
595122,38
595123,39
595124,30
595128,
595131,40
595134,41
595142,30
595144,27
595147,40
595151,33
595152,41
595214,29
595383,22
595387,21
595406,21
595415,21
595416,22
595443,22
595444,21
595652,25
595653,25
595655,23
595672,24
595685,32
595687,32
595691,29
1735,
2267,
2595,
3974,
5758,
5951,
6159,
6229,
6252,
6335,
6338,24
6515,
6666,
7435,
7714,
7760,
7781,
7861,
8026,
8028,
8051,
8052,
8083,
8258,
8872,
8877,
9025,
9037,
9067,
9100,
9125,
9137,
9380,
9383,
9709,
9710,
10358,
11793,24
14509,
17424,
17760,
17812,
18927,
19828,23
19985,
20049,
20477,
20531,
20627,22
20643,
20804,
20846,22
20957,
21125,
21126,
21261,
21906,
22183,23
22594,
22821,
23068,
23194,
23266,
23332,
23916,
24298,
24398,
24549,25
24837,21
24858,
25307,
25717,
26267,
26498,
26619,
27730,
27748,
27749,
27892,
28341,
28343,
28366,
29856,27
30972,22
32135,24
32196,23
33299,23
34887,24
34892,42
36336,22
37025,22
37788,25
38338,24
38363,21
38572,24
38942,22
39364,29
39448,26
39456,24
39534,25
39896,26
40259,22
42346,23
43008,22
43792,21
44354,22
44650,26
45006,28
45014,21
45064,22
45169,22
45354,21
45396,24
45398,23
47037,28
48315,26
49720,27
49723,29
49746,20
49928,25
50169,24
50445,27
50842,24
52271,3
54984,21
56237,30
56243,31
57312,25
57366,21
57666,27
57908,21
58718,22
60332,26
62481,24
62753,27
62839,
63241,24
63591,24
64353,24
65914,24
67059,26
69357,27
69453,25
69572,21
70821,21
70831,21
71053,21
71057,21
71093,21
71096,26
71489,21
71500,22
71768,21
71945,21
72911,29
72919,21
73436,22
73483,21
73627,21
73698,21
73739,21
73777,21
73955,21
74062,22
74278,22
74518,28
74593,28
74597,30
74681,25
75297,28
75322,25
75465,21
75606,23
75910,21
76096,21
76701,22
77126,21
77189,21
77553,22
78244,25
78964,21
79247,21
79357,21
79578,24
79792,22
80365,22
81269,21
82184,21
82947,30
83316,26
83448,22
83502,23
83819,21
84063,24
84208,21
84251,25
84254,25
84846,21
85015,21
85097,22
85184,5
85201,27
85218,22
85510,26
86047,21
86445,20
86469,21
87646,24
87928,30
88763,22
89890,27
90604,21
90760,25
90785,21
91119,23
91179,21
92558,24
92560,25
93592,21
93847,21
93857,21
93975,21
94182,21
95064,21
96345,24
96716,22
96797,26
97198,24
97573,31
98008,23
98015,21
98902,21
98905,21
99037,25
99316,17
99562,21
99564,21
99565,21
100563,21
102758,22
103886,21
104214,21
104962,21
105002,22
105143,22
107259,22
107517,20
108497,21
108498,22
108499,21
108506,22
109212,21
109232,21
109271,21
109587,21
111701,20
112051,24
112371,21
113029,23
113404,21
115906,21
116048,22
116611,25
117827,21
118257,26
120852,25
121955,22
126608,22
126664,21
127654,21
129235,21
129411,28
130328,27
130936,21
131471,4
131970,24
132577,21
133742,22
133774,21
133777,21
134453,22
134877,20
135046,26
135494,20
136023,27
138035,29
138199,21
138369,21
138407,22
138643,20
141094,24
141139,20
141307,43
141498,21
142088,21
142671,25
142909,26
142911,26
142912,26
142913,26
143033,28
144665,22
146773,21
147166,25
148269,21
149914,19
150025,21
152017,21
153069,23
155763,27
155764,28
155906,25
156153,33
156780,25
157109,26
158706,22
160721,23
160897,29
160902,31
161821,24
162258,20
165988,25
166621,29
169382,23
173109,23
173889,30
174271,21
175989,24
177110,25
177588,32
178866,24
178953,24
179495,23
179986,20
180124,21
181026,24
181038,22
181047,25
181200,21
181212,20
181300,20
181565,22
182512,21
182515,23
182518,23
182519,22
182914,20
183033,20
183079,20
183118,20
183141,23
183197,20
183638,20
183797,20
183820,20
184076,20
184110,20
184236,20
184282,21
184317,26
184373,25
184500,20
184688,21
184785,21
184854,11
184889,21
184953,22
185576,
185648,20
185996,24
186094,23
186231,20
186260,21
186417,20
186457,20
186508,23
186806,20
187694,20
187831,20
187923,20
187990,26
188004,20
188007,20
188063,21
188087,20
188199,26
188221,24
188339,21
188372,20
189476,20
189578,20
189627,22
189641,22
189864,22
190040,21
190146,21
190416,25
191468,20
192002,22
192988,20
193479,21
193602,29
193667,23
194305,21
194307,20
194403,22
194876,26
195540,21
196394,18
196405,22
196520,21
196701,20
197256,20
197442,20
197748,19
197966,24
198016,21
198836,27
199428,20
199529,20
199930,5
203653,20
203690,20
203756,21
204941,20
205233,24
206078,24
206540,20
206678,20
207151,20
209660,25
210784,24
211122,21
211134,25
211144,23
211222,21
211227,23
211317,22
211328,21
211332,21
211576,21
211744,21
213517,18
214661,18
215861,20
217002,21
217329,20
217403,21
217809,20
217855,20
218033,21
218234,2
218317,21
218895,27
219033,25
219558,20
221885,34
221973,21
225882,20
225907,20
226307,23
227684,25
228478,20
229827,20
232105,32
232331,21
232481,22
232909,21
233168,20
233369,21
233951,24
234671,20
234819,21
235225,20
235233,20
236014,20
237793,30
238385,23
238512,19
239264,23
239316,18
239751,20
240015,24
240016,23
241015,20
241859,18
242831,19
243493,19
243882,24
243980,24
245658,23
246222,21
246878,21
247463,22
247728,26
248306,21
248616,21
251254,25
252790,21
252801,20
252902,20
252909,19
253077,20
253127,20
253260,19
253819,20
254783,19
254818,19
255220,19
255358,19
255360,19
255592,19
255593,19
256100,20
256940,20
257926,24
257969,19
258013,20
258082,20
258672,19
258679,23
259588,28
260029,23
260637,19
261843,24
262470,22
263531,24
263837,22
264150,24
264237,22
264268,24
264271,25
264295,25
265102,30
267673,24
267821,22
269148,21
269149,25
269952,24
270016,32
270021,22
270146,29
271826,20
272823,23
274720,20
275654,21
277248,29
277469,29
277731,19
277937,21
278513,19
278521,20
278585,25
279252,21
279853,18
280024,19
284409,20
284499,20
284926,22
285905,20
289481,24
289716,21
289970,22
290350,19
291596,24
293534,28
293598,24
297723,25
299087,25
300015,25
302789,27
304406,27
306011,20
307191,21
307619,25
308214,19
309551,24
310952,20
311438,24
312009,28
312345,19
316063,24
316295,22
319183,27
319952,23
321130,20
321169,24
322323,19
322466,24
323882,19
324020,24
324153,19
326638,19
326966,23
327020,19
328579,23
328628,23
328665,19
328776,19
328848,22
328857,19
328874,19
328891,20
329366,22
329593,16
329635,19
330459,19
330729,20
331119,19
331480,24
331541,19
331588,19
332481,19
332605,24
332645,19
333035,24
333113,19
333307,19
333317,19
333377,19
333411,22
333477,20
333482,20
333890,23
333909,19
333916,19
334109,1
334529,20
334829,22
334886,19
335301,20
335786,19
335895,19
336092,27
336098,19
338538,24
338649,19
338666,25
339429,18
339977,19
340149,20
340285,23
340338,20
340472,20
342646,19
342906,20
343219,20
344405,19
344420,19
344890,20
344894,19
345551,19
345578,19
346347,20
349523,23
349641,19
349645,19
349648,19
349666,19
350000,22
350050,19
350484,25
350494,25
350922,19
352059,21
352962,23
353191,18
354891,19
355522,19
355900,19
355915,19
357359,20
358184,19
358937,20
358996,19
359384,25
360206,25
361100,18
363157,19
363267,20
366279,18
369435,19
369926,19
370382,19
371642,19
372680,19
373557,23
373808,19
374046,23
374068,
374476,20
375363,20
375465,19
375495,20
376030,19
377409,20
378233,21
379365,20
380706,19
380760,20
380778,19
380814,19
382597,22
383089,22
383242,24
384116,19
385615,18
387046,19
387495,19
390298,22
391329,20
391589,19
392947,25
393855,24
393977,22
394134,24
394990,23
396809,19
398004,35
398187,19
398890,21
398981,26
399788,22
400740,19
401809,
402770,23
403737,19
404906,16
405665,19
406747,19
407434,19
408869,22
410288,19
410411,23
410551,21
410585,21
410637,21
412548,19
413192,20
413244,22
413486,19
413669,20
414980,22
416287,20
416724,22
417750,22
417801,20
420253,23
423192,23
423325,23
426694,18
427674,20
427981,19
427995,18
428746,19
429739,19
429828,25
430096,19
430106,18
430211,20
430321,21
430613,22
431929,19
432123,28
432205,22
432239,21
436610,18
437246,25
437685,18
438097,22
439039,19
439052,20
439152,19
440542,21
440550,21
440972,23
441782,18
442124,25
442917,18
443166,20
443392,19
443572,18
443575,20
443688,19
443920,19
443982,27
444008,18
444028,18
444192,0
444201,18
449106,21
450055,25
451907,18
453311,28
453324,18
455772,22
458444,28
463347,26
465408,18
471589,19
472450,26
473682,25
475764,18
476725,25
476729,25
476731,26
477438,23
478504,22
478903,34
479782,24
483448,24
484923,25
486375,19
487608,21
490556,23
490607,18
492010,21
497072,19
497683,26
498729,28
520056,23
526653,22
528212,21
528826,21
530038,29
536359,22
536546,22
538066,25
538460,22
539598,18
541385,22
541560,19
547731,23
550747,22
552088,21
555134,24
555136,22
555157,22
555276,19
555297,22
557599,22
558544,21
560237,28
560888,24
561596,22
561600,22
561614,22
561931,29
562904,
564357,22
565966,18
566769,18
569212,17
569599,29
574238,21
578228,19
579855,20
579903,22
579913,22
579932,23
579977,19
580151,25
580152,25
580164,25
580172,25
580313,21
580316,22
580317,18
580318,18
582058,21
582534,21
582799,19
582820,22
582836,18
582876,21
583184,18
583214,18
583867,19
584041,21
584046,19
584607,22
584836,0
585502,21
585554,22
585556,23
585720,18
585729,18
585874,18
585880,18
587041,18
587067,20
587562,18
588138,19
589363,20
590317,19
590986,18
591363,22
591364,18
591392,18
591446,19
592750,19
593483,18
594104,18
594252,18
594603,21
595072,20
595213,33
595381,18
595570,32
595600,0
595619,18
595634,21
595644,32
595645,18
595647,19
595704,28
595710,3
595750,28
595761,25
595956,19
595960,19
596007,19
596028,22
596029,32
596032,27
596034,25
596036,28
596038,25
596044,22
596045,27
596064,19
596066,26
596067,20
596068,19
596072,19
596076,27
596093,24
596122,21
596126,21
596133,21
596169,19
596180,30
596209,30
596226,18
596230,41
596253,18
596255,20
596259,17
596282,22
596294,18
596298,18
596299,18
596309,25
596316,18
596319,20
596320,18
596321,22
596323,24
596326,21
596337,23
596345,22
596362,28
596365,23
596369,25
596372,26
596387,21
596393,22
596422,22
596438,24
596450,19
596451,27
596453,23
596458,18
596463,22
596498,19
596507,21
596518,25
596519,23
596548,19
596550,19
596677,20
596764,27
596784,36
596790,28
596798,31
596810,23
596811,30
596828,27
596836,23
596845,25
596863,18
596864,27
596866,18
596867,29
596871,28
596884,18
596888,27
596890,27
596893,28
596897,30
850,25
3591,
4343,
4345,
7025,
7549,
7875,
7945,
7993,
8362,
9405,
10369,
11050,
11792,
12737,
13286,
13512,
14187,
14722,
19014,
19099,
19695,23
19720,
19725,
19757,
20309,
20340,
20360,
20411,
20431,22
20577,22
20626,
20648,
21208,
21592,
21703,
21809,21
21810,22
21812,
21890,
21902,
22016,
22092,
22341,
22501,
22984,
22995,
23417,21
23801,22
23945,
24819,
25729,
26193,
27207,
27909,
27997,
29101,25
29607,24
30630,25
30638,26
31872,23
32776,26
32777,26
33249,25
33288,25
34816,21
34871,21
34929,22
35102,24
35820,24
36722,29
37198,30
37203,30
37753,23
38013,25
38356,21
38519,29
38521,29
39436,30
40484,22
40516,22
40521,22
40589,26
42021,27
42024,3
42920,23
45052,21
45391,25
46357,21
46673,27
47411,21
48183,22
48512,25
48931,24
49427,24
49959,28
49968,26
50294,25
51501,23
53602,28
55028,28
55143,3
55571,19
56628,27
57468,28
58189,20
58726,22
58754,21
58848,25
60228,18
62445,26
62537,26
62745,27
62767,31
62768,30
62872,28
63044,23
63150,21
63663,20
63880,25
64639,31
64758,21
64935,26
65024,21
65595,22
65978,27
67064,25
67252,25
67256,28
68059,27
69049,25
69268,24
69363,26
69530,21
69773,25
70009,27
71056,22
71139,21
71199,21
71445,21
71663,21
71740,21
72184,21
72713,30
72798,25
72881,21
73016,23
73265,21
73322,21
73399,22
73702,21
73850,21
74081,21
74482,27
75021,28
75452,21
75561,21
75852,22
75941,21
76306,24
76319,24
76702,21
76754,21
77007,21
77218,22
77229,22
77543,21
77967,25
78087,20
78179,28
78229,20
78901,24
78958,21
79212,3
79229,22
79269,25
79784,21
79994,26
79995,28
80006,27
81250,25
81536,22
81765,24
82412,25
82531,29
82672,18
83658,20
83727,21
83811,24
83820,21
83859,24
84024,21
84219,24
84389,25
86181,22
86868,21
87273,
87801,25
88368,21
88762,21
89030,22
89087,20
90058,21
90261,31
90804,28
90807,29
90944,19
90945,3
90972,24
91085,21
91302,20
92333,28
93109,21
93517,25
93542,25
94792,27
94793,27
95004,29
95013,28
95438,21
95844,24
96981,20
96994,48
97178,28
98530,21
99545,24
100043,24
100229,17
100234,35
100257,25
100258,22
100259,24
100310,21
100321,25
105594,20
105609,21
107568,24
107569,25
107570,22
107634,20
107636,23
107749,25
108327,25
108699,25
108777,20
111134,30
111416,20
111508,21
111648,21
111797,21
111877,20
112935,21
113450,25
114213,20
114561,23
114610,24
114816,2
114842,21
116877,22
117528,26
117971,26
120255,24
121100,20
121808,25
121979,21
122077,28
122226,25
123787,26
124219,27
124935,27
130199,20
130346,16
130971,24
130972,24
131052,26
131293,20
131679,20
131680,23
131681,20
133197,30
134371,25
134862,29
135095,24
135719,24
137320,22
141446,21
142089,21
143261,27
145038,20
146145,24
146403,24
149374,19
150313,22
150339,58
150684,27
150687,27
150699,27
150971,24
151017,26
151043,24
151180,2
151284,21
151285,22
152039,18
153528,21
154277,30
154606,20
154609,24
155286,23
155692,25
156933,27
157055,27
157149,26
158056,30
158619,30
158792,31
160928,19
161242,23
161316,18
161326,24
161376,21
161575,31
162078,28
163239,25
163709,20
164200,22
165831,17
167022,29
167040,29
168446,25
169380,21
170075,21
170678,24
170791,21
171414,20
171464,22
172994,26
175769,25
177700,25
177912,24
177915,24
178060,2
179146,20
179706,25
179724,24
181222,20
181350,20
181423,19
182204,20
182556,21
182633,22
182634,20
182802,20
182806,20
182813,23
182814,23
183044,20
183533,20
183912,17
183918,21
184213,24
184228,20
184272,21
184616,20
184663,20
184900,21
184929,21
184991,24
185020,21
185205,24
185207,24
185211,23
185280,20
185762,21
185809,20
185867,20
185897,25
186109,22
186409,20
186485,23
186498,21
186587,21
186614,20
186635,20
187078,32
187309,20
187339,22
187341,21
187401,20
188138,20
188953,20
189123,16
190471,24
190557,20
191271,20
191288,20
191292,23
192006,20
192078,21
192595,20
192909,20
193184,20
193387,20
193876,19
194408,20
194452,20
194773,20
195041,23
195515,21
195674,25
196055,27
196342,21
197135,18
197262,24
197332,19
197723,20
198017,19
198056,21
198067,20
198096,19
198330,24
199386,21
200753,20
201910,25
205140,20
207089,20
207352,47
208530,22
210484,20
210598,29
210600,29
210603,29
210641,20
210642,20
211362,23
211572,20
211641,23
211789,21
211830,21
211930,36
212016,25
212447,21
212481,20
212553,20
212731,30
212953,17
212961,19
213006,27
214202,17
215169,20
216062,23
216433,17
216528,17
216547,20
216548,17
216828,24
218405,30
218583,23
218704,20
218731,18
218886,20
219062,15
220039,21
220330,28
221187,19
221400,22
221511,20
221513,27
221754,27
221943,28
223839,25
223997,47
225029,21
225077,29
225171,25
225285,32
225327,32
225336,24
225349,19
225600,19
226142,21
226620,21
228529,
230348,27
231775,27
232290,21
232503,25
234428,17
234512,19
235714,20
235952,19
236268,21
236444,20
236695,27
237664,47
238043,20
238351,25
238589,25
238607,19
238648,22
238653,22
241666,21
241806,22
241989,25
241999,29
242174,19
242450,21
243772,26
243807,19
243896,19
244217,14
245202,21
245923,19
247075,29
248258,20
249323,20
249794,22
250015,23
250744,28
251072,20
251073,20
251221,24
251250,25
253430,20
254243,24
254949,18
255226,27
255349,19
255378,19
255392,20
255437,19
255498,19
256605,19
256842,20
256994,60
257357,21
257358,21
257974,19
258088,19
258227,23
258560,21
258580,26
258685,24
258694,19
258705,24
258799,24
259468,28
260475,43
261552,25
261570,19
262111,58
264337,27
270765,23
271084,22
271737,22
273592,21
275368,27
275388,39
278003,19
278421,30
278478,24
278840,34
281072,19
281823,21
281828,20
282584,22
283863,25
286849,24
287290,16
288236,25
288338,23
289986,26
290087,29
291691,27
291755,23
293446,18
294828,19
295768,19
297211,28
297664,19
297668,20
298559,24
298743,26
298846,34
300409,24
300425,20
301296,27
302692,24
303945,22
304604,23
304688,25
305980,20
307867,25
308761,29
309604,25
309666,26
310278,28
311955,21
312346,18
315945,20
316017,23
317088,21
317991,19
318263,27
318656,30
318952,22
320070,29
320163,29
320474,25
320497,24
320549,23
321645,29
321649,19
321770,19
322441,27
322594,25
322732,29
323417,19
323977,19
325134,19
326137,25
326858,27
326971,23
327163,25
327572,24
327855,20
328069,22
328421,19
328423,19
328629,19
328632,19
328660,20
328667,19
328895,19
329524,18
329813,19
331175,20
331268,20
331340,20
331385,19
331537,20
331777,22
332357,17
332457,22
332699,20
332722,20
332724,24
333255,19
333466,23
333859,22
333860,23
333912,19
333926,19
333929,20
333979,21
334019,20
335669,24
335789,19
336465,27
339000,19
339535,22
339542,19
339974,19
340353,22
341083,20
342974,19
343146,19
343353,21
343707,24
344770,19
344951,20
345069,26
345547,25
345746,19
345747,22
345774,1
345976,19
346293,33
347209,21
347590,15
350772,20
350877,19
351102,23
352996,19
353407,19
353457,20
355109,20
357187,23
357387,20
357428,22
358525,23
360523,24
363372,24
363839,19
364375,26
364907,24
365287,20
366031,23
366054,21
366056,15
366061,25
366220,25
367313,19
367457,32
369020,23
369403,23
369610,18
370234,22
371646,19
371909,1
371911,18
371915,22
372079,21
372764,24
373754,28
373767,17
373832,22
373970,19
374148,20
374680,19
377069,28
377999,19
378039,21
378231,23
379221,21
381508,24
382928,19
384973,28
386179,21
389381,19
391568,21
391829,19
393508,16
394672,22
395698,20
395911,18
397715,29
398166,29
398846,16
399419,19
399425,27
399829,19
401148,22
402541,26
402645,26
405581,26
409165,19
409196,24
410552,20
412106,22
412221,25
412222,15
412224,23
412337,19
412522,27
414646,32
414647,29
415434,16
419730,20
421604,22
424146,21
424220,26
426736,22
426815,19
427893,20
430896,25
431566,19
431764,18
432136,24
436290,25
436745,15
436793,105
437574,26
441150,18
441775,29
442299,21
442525,24
442986,20
444057,20
444177,22
448896,28
450135,18
450323,15
450400,26
451639,16
453301,18
453306,18
453409,25
453434,19
453583,18
454011,33
454244,
455482,18
455647,24
455711,26
455917,19
456211,24
459245,24
459523,30
463336,24
466234,19
467084,18
468156,33
469041,25
471257,21
471652,24
472806,22
473711,20
476939,22
476990,20
479164,28
483452,30
483597,30
483975,0
483982,19
484184,20
484802,19
486654,22
486723,19
488118,26
489218,21
491704,30
493851,28
494451,22
494977,19
496600,25
497321,23
499340,23
508719,26
510149,22
510993,0
511569,24
511714,27
514088,
518299,23
518555,16
520312,26
520314,28
522232,18
525908,58
526194,19
526468,25
529820,22
535044,25
536379,18
538458,22
538495,21
540908,25
540924,24
540949,26
541979,25
544679,22
546390,24
550619,27
551172,30
551584,23
551585,23
555310,31
555612,19
558398,25
558433,28
565963,22
566407,19
566546,35
566687,22
569622,24
571992,15
572373,28
574422,21
577178,23
578000,17
578222,19
580232,22
580315,18
580428,19
580432,19
582385,27
582705,18
582766,20
582788,19
582794,19
584025,22
584118,18
584125,18
584331,19
584445,18
584502,18
584503,18
584539,23
584570,21
585608,19
585712,18
585724,22
585751,22
585795,19
587704,22
588253,18
589026,26
591133,21
591208,18
591786,18
593047,21
593105,32
593449,18
593940,27
594048,19
595008,25
595183,29
595261,28
595435,19
596492,28
596553,18
596904,30
596911,22
596934,18
596937,19
596938,32
596954,32
597104,23
597105,22
597106,23
597112,23
597140,23
597144,23
597178,23
597185,24
597208,19
597210,24
597211,24
597282,17
597287,23
597296,27
597298,
597312,23
597315,31
597339,24
597343,24
597344,24
597345,24
597357,26
597366,26
597369,26
597372,26
597377,24
597378,26
597379,26
597387,26
597392,19
597393,20
597394,18
597460,28
597536,18
597566,23
597582,25
597603,25
597604,27
597612,24
597616,19
597625,24
597640,30
597648,19
597674,28
597699,20
597700,20
597713,21
597718,19
597726,25
597747,18
597768,19
597782,18
597792,23
597803,18
597806,22
597809,22
597810,18
597823,47
597829,19
597844,24
597855,25
597889,27
597893,20
597927,36
597937,34
597984,18
597986,30
598019,28
598020,29
598021,30
598023,0
598025,28
598030,30
598037,28
598038,24
598054,22
598056,21
598061,25
598088,17
598151,24
598161,26
598298,18
1761,
6031,23
6309,
6419,
6434,
6438,
6513,
6771,
7505,
7918,
7957,
7978,
7981,
8085,
8248,
8697,
9020,
9034,
9265,
9329,
9799,
10611,
13473,
16273,
17823,27
18195,
18473,
19365,
19491,
19691,
19758,24
19787,
20107,
20267,
20287,
20518,
20564,
20607,
20609,
20624,
21088,
21135,22
21260,
21262,
21415,
21469,
21934,
22583,
22588,
22602,
22614,
22627,
22743,23
22823,
22848,
22909,
23082,23
23367,
23371,
23378,
23819,
24219,
24288,
24290,
24297,
24693,
24863,
24904,
25235,
25706,
26282,
27220,
27504,
27904,
27998,
29345,29
30655,29
30659,31
30747,24
31182,28
32179,23
32754,27
34464,22
34642,22
36078,25
37165,25
37221,26
37724,22
37776,22
37877,21
38056,22
38326,24
38327,24
38440,24
39051,26
39078,29
39505,23
39525,26
39835,22
40458,3
41176,23
41649,24
41776,21
41910,21
42604,21
43691,25
44676,21
44904,22
45106,27
45403,22
46341,23
47219,22
47622,25
48481,28
52152,23
52703,22
52849,24
53209,22
54499,24
55072,22
55516,21
57588,24
59300,21
60533,25
60581,26
63292,24
63603,25
65593,27
65955,24
66661,22
66706,22
69487,24
69647,21
69682,22
69980,32
70802,21
70817,21
71035,21
71430,21
71721,21
72166,23
72186,21
72682,21
72706,21
72749,22
72758,21
72808,21
72815,22
72850,21
72876,24
73304,21
73522,21
73670,24
74082,21
74301,24
74690,22
75720,21
75935,21
76071,21
76104,21
76694,21
77035,24
77458,23
77827,23
78314,25
78551,21
78604,26
78737,21
78917,20
79064,24
79072,23
79169,27
79430,27
80273,21
80762,23
80960,21
81585,25
82459,21
82500,23
82860,21
82865,3
83348,21
83479,21
84393,24
84578,21
84796,25
84831,21
84953,22
85134,22
85222,23
85601,23
85677,23
85774,23
86805,25
87880,25
87961,25
88278,21
90344,20
91264,21
91441,21
91683,21
91691,21
91965,25
92945,22
93022,21
93375,20
94221,21
94404,21
94405,21
94406,21
94416,21
94417,21
95930,29
97031,26
97392,24
98591,21
98669,21
98891,24
99052,28
99802,21
99918,25
100054,23
100230,17
103656,22
104095,23
104725,21
105645,2
106296,23
106461,23
107881,22
108590,20
110006,23
110644,22
110833,20
111111,21
111463,21
111623,25
111680,20
111684,20
111689,21
111690,21
111855,24
112226,21
112587,44
113167,20
113431,20
114200,23
115488,23
115537,22
117310,22
117458,22
119113,21
120746,20
121038,23
122500,22
122580,21
124028,25
124565,24
124566,26
126210,23
126757,20
128377,21
130899,21
131245,22
131573,23
133769,21
135754,21
136915,21
138770,21
140224,21
141078,21
141224,21
141232,21
141233,21
141469,21
144029,26
148791,20
149108,24
150657,24
151067,19
151131,27
151477,27
151501,24
154855,22
155796,25
157975,20
159419,24
159421,25
159422,24
160533,23
160701,22
164612,20
165481,23
165569,24
165639,22
166716,25
169088,22
169389,20
169707,23
172960,24
174015,20
176585,22
177064,25
178471,20
179798,24
179898,19
180653,21
181495,20
181806,20
182004,20
182788,20
182809,20
182891,
183089,20
183428,20
183621,20
183831,22
183997,20
184029,20
184062,20
184133,20
184181,20
184264,20
184267,21
184269,23
184448,30
184773,20
184793,20
184817,25
184864,20
184874,20
184945,20
185040,20
185132,20
185511,21
185619,20
185827,20
185961,20
186259,20
186333,21
186612,20
187373,21
187945,2
187998,21
188009,21
188011,22
188125,20
188802,21
189259,27
189278,24
189504,20
189531,23
189624,23
190354,19
190411,23
190506,23
191755,21
192562,20
192578,23
192852,20
192893,20
193301,20
193950,23
193956,20
194200,20
194234,25
194887,22
194918,25
195259,31
195440,21
195600,20
195653,20
196666,24
197050,20
197136,24
197337,21
197949,22
200120,26
200890,20
201754,21
202309,20
202396,20
203044,27
204372,21
205074,22
205195,25
205722,20
206846,22
206984,20
207225,23
208854,20
210442,5
210875,21
211002,16
212241,24
212517,21
213899,20
215538,20
215964,21
216627,20
217170,20
217187,24
217987,20
218267,20
218708,24
218858,20
219644,24
220716,20
220759,20
220896,21
221586,24
221835,26
222264,21
222469,21
222623,21
223025,19
223511,23
223977,27
225583,20
225658,21
225829,25
226255,22
226426,1
226717,25
227274,21
228174,19
228993,20
229609,23
229823,20
230665,21
231550,28
232074,23
232099,21
232391,22
232595,24
233112,21
233153,20
233187,21
233902,24
234297,21
235012,23
235932,21
237014,20
237275,27
238945,23
239466,24
239651,19
241469,25
241665,24
244216,19
244968,22
245616,24
245856,21
246392,19
246399,21
246424,19
246427,24
246547,20
246633,21
246838,21
246934,22
247489,25
249912,21
249943,21
250060,19
251055,20
251912,23
252184,19
253181,19
253358,23
253653,26
253668,19
254014,24
254474,24
254621,19
255107,19
255242,19
255913,20
256106,19
257837,19
258898,21
259657,20
259934,21
261956,23
262215,22
262285,21
262658,20
263220,24
263536,18
263780,19
264336,25
264343,24
265242,19
265670,23
268901,21
269093,21
270825,23
270826,23
270969,20
271413,20
271709,21
272100,23
275178,18
275575,21
275761,20
278510,19
279187,24
279298,20
280291,23
280319,21
280478,30
280826,21
280838,19
284610,20
284675,20
285070,21
285620,19
286718,21
287484,22
288972,18
289010,19
289014,22
289275,20
289528,21
289726,21
291107,26
291510,23
291637,19
292244,27
293980,19
294982,19
295231,19
296336,23
297496,26
297506,25
301780,18
305154,22
305778,27
306251,19
307228,20
307604,8
307752,22
307757,23
308242,19
309151,21
310133,19
310635,20
310722,21
311111,24
312677,22
315870,25
317150,28
317462,19
320618,23
321351,21
323484,22
323526,19
323747,19
323783,19
325068,1
325127,19
325129,23
326537,19
326619,25
326965,39
327272,26
328313,19
328600,19
328678,21
328690,20
328715,19
328764,19
328790,19
328868,19
330085,19
330120,19
330130,19
330552,20
330554,25
330677,18
330932,19
331096,19
331166,19
331783,19
331877,19
331966,19
332703,21
332843,19
333433,23
333608,19
333877,22
333881,24
334004,21
334061,25
335898,20
335900,20
336097,21
337623,19
338250,19
338410,19
338558,21
338806,19
339631,19
339690,19
339703,20
339718,19
339729,19
339966,25
339978,20
339979,19
340601,19
342703,18
342704,19
342980,19
342985,19
343019,20
343686,20
344005,1
344304,25
346670,19
349647,21
350017,19
350072,19
350205,19
350970,19
352999,19
353155,22
355066,19
355067,22
355543,21
355594,20
355608,19
355999,19
358007,25
358223,20
358530,15
358802,19
358960,15
359220,46
360930,24
364132,21
365084,0
366243,20
366273,19
366527,19
367272,19
367558,19
368791,27
369735,25
369809,25
372585,19
373510,19
374056,25
374908,19
375343,18
375476,19
375848,19
377007,19
377231,19
377242,19
377823,23
378813,27
379954,20
379962,19
382750,22
384024,19
384863,19
385937,21
389019,21
389371,21
389520,19
389690,20
392027,19
392709,18
393127,25
393700,24
394032,21
394083,19
395512,26
395636,22
399180,20
400710,21
401181,19
401803,19
402691,28
402705,24
403083,23
403087,24
403594,19
408479,19
408499,19
411154,18
411902,19
412414,19
412877,19
416421,22
418531,22
423338,24
424130,23
429465,15
430121,20
430400,19
433700,21
434649,21
436143,23
436208,24
436487,19
436954,21
437597,19
438747,20
438853,20
440487,27
441295,18
441466,19
442128,25
442397,23
442503,19
443577,19
443579,19
443746,3
444019,19
444586,21
445847,19
447160,22
447972,21
448599,18
450218,21
450654,19
451212,21
452008,18
452258,19
452724,22
453368,18
453742,20
453953,23
453986,21
454154,19
456129,18
458361,24
458735,19
459483,29
459530,22
460066,20
464933,30
470307,19
471440,24
471478,24
471981,19
472407,18
473714,19
473718,25
477352,22
477694,22
479301,20
480964,19
483704,21
485084,21
485682,18
490454,20
490460,20
490657,19
490927,18
491121,21
491726,19
492325,23
492431,22
492988,20
494852,20
495089,20
495316,24
496517,0
497032,20
499521,0
500096,21
504440,27
505468,22
511529,28
511784,18
513716,23
513729,20
517667,18
521478,18
525000,30
526198,19
526466,22
526514,25
527667,21
533211,22
534459,27
538292,26
539384,18
541025,19
541090,18
541269,19
543334,19
550781,23
551669,22
552612,19
555199,18
555228,19
556795,23
557724,20
557845,23
565517,22
566555,27
566915,18
569856,22
570206,24
572281,20
572741,21
575678,18
577478,0
578217,18
578662,18
580069,21
580253,23
580476,18
582077,19
582398,19
582575,19
582777,18
582818,23
583181,18
583275,19
583305,18
583512,18
584379,18
584455,22
584461,18
585566,20
585685,26
587962,18
588792,18
589418,23
591460,18
591461,18
592811,18
592816,19
592867,25
593514,18
595301,18
596172,18
596429,19
596435,18
596500,18
596667,18
596850,34
596895,29
597675,19
597682,6
597751,21
597882,24
597888,24
597897,23
597945,18
597950,18
598087,18
598227,22
598271,21
598279,18
598294,31
598295,31
598299,19
598341,24
598344,24
598349,22
598361,26
598374,27
598380,22
598392,18
598399,24
598415,18
598423,26
598431,19
598447,23
598451,27
598457,24
598460,24
598465,24
598469,18
598474,24
598475,26
598476,18
598488,18
598497,18
598502,18
598503,34
598506,23
598509,52
598512,35
598518,36
598520,35
598522,36
598524,23
598541,0
598542,24
598547,24
598548,23
598549,23
598551,24
598552,26
598559,29
598560,32
598564,18
598568,27
598569,30
598587,27
598600,23
598620,19
598622,18
598626,18
598652,0
598657,21
598664,24
598673,18
598684,18
598695,26
598696,25
598698,24
598704,25
598713,25
598720,26
598721,29
598722,25
598725,28
598726,20
598733,21
598734,23
598740,23
598751,22
598753,24
598757,27
598760,28
598767,23
598789,30
598800,46
598802,21
598803,21
598804,28
598824,22
598826,22
598836,18
598851,27
598874,26
598882,26
598888,19
598912,20
598915,25
598921,18
598923,19
598931,19
598933,25
598953,20
598976,18
598983,18
598990,18
599002,22
599004,19
599005,18
599014,18
599020,18
599022,21
599027,21
599039,19
599042,22
599045,18
599047,19
599080,18
599083,25
599088,20
599092,19
599123,22
599131,23
599146,21
599149,29
599151,25
599167,21
599174,24
599175,30
599196,27
599197,18
599198,18
599200,18
599202,18
599203,18
599209,18
599241,23
599247,20
599251,27
599252,25
599253,24
599258,18
599291,21
599294,21
599301,19
599359,20
599367,20
599371,19
599375,21
599381,21
6620,23
6863,
6864,
9202,
9231,
9438,
10119,
19685,23
20586,
20764,
20962,23
22436,
22793,
26580,
29693,25
31795,26
36548,22
38409,25
38513,23
38634,23
39201,25
54092,21
57337,25
57903,21
68125,25
69832,21
70827,21
73789,30
76696,23
77487,21
77527,21
78419,22
78699,22
81255,24
82049,24
85506,21
86751,21
91470,21
93859,25
95164,22
95751,21
98945,21
100206,21
100553,20
104641,21
105232,21
105321,22
106127,24
106239,23
109220,22
109226,22
112212,21
114458,21
118699,5
127265,21
139132,21
139477,21
142081,21
148888,21
149799,19
154023,23
155371,21
161706,2
164456,26
175391,23
181277,21
182421,20
182509,21
184004,20
184249,21
184294,21
188010,20
191684,21
191910,23
194336,22
194709,21
195533,21
196640,20
196861,20
197128,24
197137,24
197141,24
205249,20
206869,21
209257,19
210339,21
218602,20
219470,20
219502,21
220512,20
222217,20
222794,23
223581,25
223849,23
223961,24
227607,20
231195,24
233377,19
233509,21
234335,19
234898,22
235390,20
235481,21
239543,23
243696,25
244208,24
248555,20
249859,20
249919,25
250511,19
250773,24
251289,22
253493,21
255721,21
256013,19
257678,20
258601,20
258607,20
258937,21
259996,24
262501,21
273673,22
273821,19
275139,21
277018,19
279253,19
280992,21
281194,20
286148,20
286572,20
297070,23
301270,23
301438,23
305019,21
305188,28
308519,27
311387,20
316225,25
317475,26
317708,24
322641,20
323472,20
327051,1
328205,21
328657,19
328672,19
328674,19
328882,20
331482,20
332571,20
332634,19
332638,19
334108,19
334506,19
334522,22
334523,23
335388,19
338341,21
339711,19
339739,19
339920,19
342970,19
347104,24
347275,19
351639,24
353282,20
356320,19
357637,18
360716,22
364629,24
367376,21
367393,21
367407,19
371661,22
372701,18
372979,25
373349,21
374058,21
380188,20
380569,18
383049,20
383791,19
384715,24
390400,19
390645,19
391422,19
393203,19
395304,23
398425,21
399492,21
399636,19
408744,18
410087,19
427445,19
428544,21
429938,20
429962,20
430025,20
437599,22
447963,18
448797,18
450529,19
453611,18
471531,25
481720,22
485303,21
485304,22
487316,21
487876,23
490510,19
494730,18
498376,28
500414,18
521283,23
530499,28
536641,27
536724,28
544785,28
545297,22
547905,25
566715,20
571857,19
580150,23
580183,23
583487,18
585627,19
585964,21
585965,21
587492,19
587737,21
587738,23
589271,19
594734,18
596743,28
597164,19
598225,19
598287,19
598314,19
598398,18
598428,27
598619,25
598830,22
599003,18
599212,21
599250,20
599315,19
599380,21
599390,20
599395,23
599400,23
599451,20
599465,19
599466,19
599467,19
599541,25
599564,22
599571,23
599582,21
599636,19
599639,21
599640,19
599641,20
599642,21
599643,21
599646,19
599650,18
599701,28
599758,18
599776,21
599782,18
599809,18
599810,18
599811,18
599812,0
599813,20
599825,27